author,comments,name,press,price,rank
米歇尔·奥巴马,16228条评论,成为becoming：米歇尔·奥巴马自传（精装版）美国前第一夫人米歇,天地出版社,¥49.00,61.
姜自霞,188952条评论,魔法拼音国（套装 共7册）,浙江少年儿童出版社,¥49.00,62.
亚历山德拉·米热林斯卡,649156条评论,地图 人文版（升级版）手绘世界地图 儿童百科绘本,贵州人民出版社,¥84.00,63.
卡尔森,107423条评论,我喜欢自己,河北教育出版社,¥13.90,64.
古斯塔夫·勒庞,137727条评论,乌合之众 : 大众心理研究,民主与建设出版社,¥11.40,65.
佐佐木圭一,607522条评论,所谓情商高，就是会说话,北京联合出版公司,¥15.90,41.
太宰治,980399条评论,人间失格（日本小说家太宰治的自传体小说）,作家出版社,¥11.20,1.
庆山,44002条评论,夏摩山谷（暌违七年，重磅长篇，庆山2019全新小说。畅销二十年，,江苏凤凰文艺出版社,¥29.00,81.
张嘉佳,294948条评论,云边有个小卖部,湖南文艺出版社,¥21.00,21.
东野圭吾,443376条评论,东野圭吾：恶意（2016版，东野圭吾四大杰作之一）,南海出版公司,¥34.40,101.
乔安娜·柯尔,128350条评论,神奇校车·手工益智版（全8册）,贵州人民出版社,¥60.00,141.
威廉·萨默塞特·毛姆,286条评论,月亮和六便士（精装收藏本）毛姆代表作，一字未删“足本”,花山文艺出版社,¥40.10,66.
憨爸,28964条评论,硅谷工程师爸爸的超强思维训练课,中国妇女出版社,¥34.20,67.
加西亚·马尔克斯,1248550条评论,马尔克斯：百年孤独（50周年纪念版）,南海出版公司,¥47.90,68.
戴尔·卡耐基,423427条评论,人性的弱点（薛之谦推荐，畅销100万册）【果麦经典】,天津人民出版社,¥16.00,42.
黑柳彻子,949947条评论,窗边的小豆豆(2018版),南海出版公司,¥29.60,43.
东野圭吾,2058282条评论,东野圭吾：解忧杂货店（王俊凯、迪丽热巴主演，这家店帮你找回内,南海出版公司,¥34.40,44.
陈果,216229条评论,复旦名师陈果：好的爱情（陈果的爱情哲学课，用哲学的方式告诉你,人民日报出版社,¥19.50,45.
周国平,463004条评论,我喜欢生命本来的样子(周国平经典散文作品集),作家出版社,¥22.00,2.
刘慈欣,78604条评论,流浪的地球（刘慈欣著，无删节无改写，大人孩子均可阅读，此版本,浙江教育出版社,¥14.50,3.
乔安娜柯尔,978410条评论,神奇校车·图画书版（全12册，新增《科学博览会》1册）,贵州人民出版社,¥99.00,4.
乔安娜柯尔,610493条评论,神奇校车·桥梁书版（全20册）,贵州人民出版社,¥75.00,5.
斯凯瑞,398279条评论,斯凯瑞金色童书·第一辑（全4册）,贵州人民出版社,¥41.60,82.
余华,205285条评论,许三观卖血记（新版）,作家出版社,¥22.40,83.
孙幼军,315468条评论,小猪唏哩呼噜(注音版上、下),春风文艺出版社,¥16.50,84.
北猫,199043条评论,米小圈漫画成语（套装共4册）,四川少儿出版社,¥37.00,85.
说词解字辞书研究中心,142508条评论,小学生必背古诗词75+80首 近13万多读者好评，不同印次随机发货。,华语教学出版社,¥23.10,86.
刘慈欣,78542条评论,银火箭少年科幻系列 （8册。亚洲首位“雨果奖”得主刘慈欣主编，,浙江教育出版社,¥128.00,22.
李思圆,361248条评论,生活需要仪式感 （把温暖和感动带给你在乎的人）,山东文艺出版社,¥18.00,23.
皮姆,131878条评论,我不敢说，我怕被骂,北京联合出版公司,¥17.40,24.
英格丽,98176条评论,多莱尔的希腊神话书（畅销千万册，纽约公共图书馆“百年百佳书”,江苏教育出版社,¥44.00,102.
哥伦,420265条评论,霍乱时期的爱情（2015版）  一本好书 腾讯视频栏目推荐,南海出版公司,¥43.10,103.
龙应台,540576条评论,目送：龙应台“人生三书”之三（彩插新版）,广西师范大学出版社,¥25.80,142.
玛兹丽施,533205条评论,如何说孩子才会听 怎么听孩子才肯说（全新修订版）,中央编译出版社,¥18.40,69.
北猫,209057条评论,米小圈脑筋急转弯（套装共4册）,四川少儿出版社,¥32.00,46.
凯特·汤普森,197095条评论,寻找时间的人（与《追风筝的人》《偷书贼》共同荣获美国年度最佳,江苏文艺出版社,¥21.04,47.
黄仁宇,473127条评论,万历十五年 一本好书 腾讯视频栏目推荐,生活.读书.新知三联书店,¥16.00,48.
余华,2032195条评论,活着（2017年新版）,作家出版社,¥19.60,6.
丰子恺,73919条评论,丰子恺万般滋味，都是生活,华中科技大学出版社,¥21.00,7.
鲁迅,252条评论,幽默散文读本,哈尔滨出版社,¥60.00,181.
林奕含,104017条评论,房思琪的初恋乐园,北京联合出版有限公司,¥31.10,87.
七尾纯,206517条评论,可爱的身体 （全8册）,南海出版公司,¥59.00,88.
老杨的猫头鹰,210449条评论,好看的皮囊千篇一律，有趣的灵魂万里挑一（老杨的猫头鹰最新作品,现代出版社,¥19.90,89.
陈果,216332条评论,复旦名师陈果：好的孤独（复旦名师陈果博士，用哲学的方式告诉你,江苏凤凰文艺出版社,¥18.00,25.
罗广斌,296775条评论,红岩（七年级下册必读）,中国青年出版社,¥22.70,26.
安娜·鲁斯曼,257528条评论,德国精选科学图画书 （肚子里有个火车站+牙齿大街的新鲜事，套装,北京科学技术出版社,¥35.00,221.
佐佐木洋子,678941条评论,小熊宝宝绘本（2018版全15册）蒲蒲兰经典畅销绘本！新手妈妈的育,连环画出版社,¥62.40,121.
林清玄,116463条评论,人生最美是清欢（林清玄经典散文集，执笔45周年白金纪念版！）,北京十月文艺出版社,¥42.10,261.
德鲁克,208547条评论,卓有成效的管理者（珍藏版）（团购，请致电400-106-6666转6）,机械工业出版社,¥18.00,161.
莳田晋至,205216条评论,在教室说错了没关系,青岛出版社,¥18.00,104.
芭芭拉.明托,252580条评论,金字塔原理（麦肯锡40年经典培训教材）,南海出版公司,¥24.50,105.
太宰治,206条评论,人间失格（精装收藏本）无赖派先锋旗手太宰治代表作,天津人民出版社,¥35.20,106.
史蒂芬·柯维,220118条评论,高效能人士的七个习惯（30周年纪念版）：打造一套全新的思维方式,中国青年出版社,¥58.50,143.
弗雷德里克·巴克曼,288746条评论,外婆的道歉信（马思纯领读书目，人民日报、央视推荐。年度口碑爆,天津人民出版社,¥21.00,144.
马伯庸,11965条评论,显微镜下的大明（“文字鬼才”马伯庸著，全新明朝历史书）,湖南文艺出版社,¥26.00,145.
李思圆,19026条评论,生活需要节奏感（当当网全国独家）(生活需要仪式感姊妹篇，央视新,天津人民出版社,¥21.00,146.
莱曼·弗兰克·鲍姆,111643条评论,百年童话绘本·典藏版（全套30册）当当2018年度常青藤畅销书奖，,北京联合出版公司,¥208.60,70.
蔡康永,108338条评论,蔡康永的情商课：为你自己活一次（印章版）,湖南文艺出版社,¥31.50,71.
马克·吐温,76702条评论,汤姆·索亚历险记（新课标全译本，万条读者五星好评，北大著名翻,浙江工商大学出版社,¥16.80,72.
克里斯多福·孟,176144条评论,亲密关系：通往灵魂的桥梁（2015全新修订版）,湖南文艺出版社,¥20.30,73.
贾平凹,631727条评论,自在独行     贾平凹的独行世界,长江文艺出版社,¥19.50,74.
路遥,926988条评论,平凡的世界：全三册（朱一龙推荐，八年级下册自主阅读推荐）,北京十月文艺出版社,¥94.00,49.
安托万·德·圣埃克苏佩里,963241条评论,小王子（畅销300万册，作者基金会官方认证简体中文版）【果麦经典,天津人民出版社,¥19.20,50.
陈果,90204条评论,懂你（复旦名师陈果作品！）,山东画报出版社,¥12.00,8.
丹姆,749971条评论,小熊和最好的爸爸（全7册）,贵州人民出版社,¥17.50,9.
刘慈欣,656332条评论,三体：全三册 刘慈欣代表作，亚洲首部“雨果奖”获奖作品！,重庆出版社,¥55.80,10.
毛姆,495003条评论,月亮与六便士（新版未删节！当当名著销量桂冠！豆瓣阅读桂冠！上,浙江文艺出版社,¥28.60,11.
赖德·卡罗尔,26502条评论,子弹笔记（INS爆红，YouTube千万点赞的超级笔记术）,北京联合出版有限公司,¥29.00,182.
安德斯·艾利克森,116907条评论,刻意练习：如何从新手到大师,机械工业出版社,¥23.40,183.
罗伯特·B.西奥迪尼,131448条评论,影响力（经典版）（新版）（团购，请致电400-106-6666转6）,北京联合出版公司,¥35.70,184.
稻盛和夫,82160条评论,干法（团购，请致电400-106-6666转6）,机械工业出版社,¥25.00,185.
索甲仁波切,210391条评论,西藏生死书（布面精装版）,浙江大学出版社,¥49.30,186.
村上春树,185059条评论,挪威的森林（2018年新版，村上春树的残酷青春物语，现象级的超级,上海译文出版社,¥24.00,90.
尼古拉斯·艾伦,214314条评论,小威向前冲,贵州人民出版社,¥18.00,91.
入山智,74488条评论,小鸡球球成长礼·限量版,长江少年儿童出版社,¥171.10,92.
北猫,99540条评论,米小圈上学记二年级（套装共4册）,四川少儿出版社,¥50.00,93.
克莱儿·麦克福尔,1124112条评论,摆渡人（系列畅销千万册。如果命运是一条孤独的河流，谁会是你灵,百花洲文艺出版社,¥21.60,27.
芥川龙之介,107002条评论,罗生门（芥川龙之介小说集）《人间失格》作者太宰治是芥川的头号,时代文艺出版社,¥13.60,28.
乔斯夫托普森,71777条评论,我的大画本（全3册）,陕西人民教育出版社,¥54.40,222.
汪曾祺,3519条评论,人生如逆旅 汪曾祺著作 任伯年 郑板桥 吴昌硕 张大千彩图插画,四川人民出版社,¥39.20,223.
余华,188499条评论,活着（精装版，余华代表作，易烊千玺推荐阅读版本）,北京十月文艺出版社,¥30.50,122.
山姆·麦克布雷尼,493824条评论,信谊世界精选图画书·猜猜我有多爱你,明天出版社,¥25.30,123.
陈磊,900596条评论,半小时漫画中国史1+中国史2+中国史3+世界史（套装共4册，作者签章,江苏文艺出版社,¥79.80,124.
瑞·达利欧,152070条评论,原则 principles 雷·达里奥著 跨年演讲推荐图书 团购电话:40010,中信出版社,¥62.90,125.
沈从文,73044条评论,现当代长篇小说经典系列：边城,长江文艺出版社,¥9.50,262.
简.尔森,80751条评论,十几岁孩子的正面管教——教给十几岁的孩子人生技能（畅销书《正,北京联合出版公司,¥21.90,263.
曹文轩,250015条评论,曹文轩纯美小说系列：草房子,江苏凤凰少年儿童出版社,¥11.00,264.
季巳明代,54285条评论,第一次自己睡觉,北京联合出版公司,¥16.40,162.
村井贞之,102574条评论,夏目友人帐,百花洲文艺出版社,¥16.40,163.
林汉达,228613条评论,上下五千年（最新版）,少年儿童出版社,¥44.00,107.
中国教育科学研究院早期教育研究中心,29070条评论,《幼儿学古诗（全2册）》,教育科学出版社,¥40.00,108.
怀特,564987条评论,夏洛的网（新）,上海译文出版社,¥19.50,109.
戈登,108225条评论,PET  P.E.T.父母效能训练:让亲子沟通如此高效而简单,中国发展出版社,¥17.50,147.
中江嘉男,104711条评论,可爱的鼠小弟（1-22）,南海出版公司,¥193.00,148.
当年明月,178422条评论,明朝那些事儿全集 增补版（新版全套9册）,北京联合出版有限公司,¥178.20,149.
沈复,405条评论,浮生六记 先锋经典文库,陕西师范大学出版社,¥43.60,150.
克利斯提昂,573896条评论,不一样的卡梅拉手绘本（1-12册）,２１世纪出版社,¥66.20,75.
渡边淳一,106909条评论,钝感力（渡边淳一经典：具备不为小事动摇的钝感力，才能成为真正,青岛出版社,¥16.00,76.
叶楚桥,10278条评论,桃李春风一杯酒：唐朝诗人的快意人生 （中国诗词大会通关必读，独,贵州人民出版社,¥24.50,77.
艾伦·贝克尔,178881条评论,不可思议的旅程（凯迪克大奖绘本三部曲）,新星出版社,¥59.40,51.
慕颜歌,355797条评论,你的善良必须有点锋芒,古吴轩出版社,¥16.40,52.
战国,113275条评论,鬼谷子—中华经典藏书（平装）,吉林美术出版社,¥17.50,53.
史蒂夫,174965条评论,养育男孩（典藏版）,中信出版社,¥16.00,54.
简·尼尔森,694240条评论,《正面管教》修订版,北京联合出版公司,¥19.00,12.
张嘉骅,468026条评论,少年读史记（套装全5册）,青岛出版社,¥50.00,13.
高铭,1085758条评论,天才在左 疯子在右(2018全新完整版),北京联合出版有限公司,¥34.40,14.
沈复,873833条评论,浮生六记（汪涵、胡歌推荐，畅销250万册。沈复给芸娘的绝美情书）,天津人民出版社,¥15.80,15.
蔡崇达,621656条评论,皮囊（畅销300万册的国民读本，刘德华、李敬泽作序。繁体版面世即,天津人民出版社,¥27.40,16.
怀左同学,62211条评论,我这么自律，就是为了不平庸至死（500册亲笔签名本随机发）,北京联合出版有限公司,¥18.60,187.
蔡康永,23442条评论,蔡康永经典系列套装（蔡康永的说话之道1.2+蔡康永的情商课）,湖南文艺出版社,¥53.50,188.
歪歪兔关键期早教项目组,74896条评论,学会管自己幼儿版-歪歪兔自控力教育系列绘本,海豚出版社,¥34.30,189.
薛兆丰,83381条评论,薛兆丰经济学讲义,中信出版社,¥40.80,94.
尹建莉,259882条评论,好妈妈胜过好老师（700万册纪念版）,作家出版社,¥39.70,95.
毛姆,321625条评论,月亮和六便士（全新导读无删节详注版！ 半年创当当110000名读者五,时代文艺出版社,¥12.10,96.
尤瓦尔·赫拉利,443369条评论,见识城邦·人类简史：从动物到上帝（新版）  一本好书 腾讯视频栏,中信出版社,¥40.80,97.
陈卫平,555810条评论,写给儿童的中国历史（全14册）,新世界出版社,¥177.50,29.
盖温·肯尼迪,62162条评论,谈判：如何在博弈中获得更多(第四版)Everything is Negotiable,民主与建设出版社,¥22.00,30.
山下英子,413509条评论,断舍离,广西科学技术出版社,¥16.00,31.
冯骥才,145867条评论,俗世奇人（全二册）（第七届鲁迅文学奖获奖作品）,作家出版社,¥24.00,301.
铃木典丈,33154条评论,《我的神奇马桶》亲子阅读绘本,贵州人民出版社,¥14.90,201.
吴军,54039条评论,见识 吴军 首部认知升级类著作,中信出版社,¥29.40,241.
去旅行,17442条评论,去旅行系列（中国版）2018年度最值得期待的原创作品,广西科学技术出版社,¥54.00,224.
南怀瑾,17812条评论,论语别裁（独家授权简体版套装两册）,东方出版社,¥49.00,225.
达芙妮·斯金纳,180717条评论,数学帮帮忙（全25册）多功能数学绘本,新蕾出版社,¥112.50,226.
陈卫平,199226条评论,写给儿童的中国地理（全14册）,新世界出版社,¥196.00,126.
北猫,49520条评论,姜小牙上学记（套装共4册）,四川少儿出版社,¥45.00,127.
山下英子,4430条评论,断舍离（2019新版，全新修订50%以上内容）宫崎骏、张德芬、李冰冰,湖南文艺出版社,¥15.00,128.
亚瑟·乔拉米卡利,8736条评论,共情的力量：情商高的人，如何抚慰受伤的灵魂,中国致公出版社,¥24.90,129.
申惠恩,71770条评论,你好！数学套装珍藏版（套装30本）,湖北少儿出版社,¥120.00,265.
巫哲,20984条评论,撒野（巫哲新书）,北京联合出版有限公司,¥31.10,266.
曹雪芹,14540条评论,红楼梦（全二册）（无障碍阅读无删节“原貌红楼梦”，脂本精校，,三秦出版社,¥44.00,267.
埃里克·马瑟斯,69636条评论,Python编程 从入门到实践,人民邮电出版社,¥62.00,268.
纳兰容若,20896条评论,纳兰词 水墨山水彩图 附纳兰性德传记,四川人民出版社,¥36.00,164.
芭芭拉库尼,219740条评论,花婆婆,河北教育出版社,¥16.40,165.
郑渊洁,151578条评论,郑渊洁四大名传（全4册）,浙江少年儿童出版社,¥59.00,166.
博多·舍费尔,102899条评论,小狗钱钱套装（全2册）,四川少儿出版社,¥38.00,167.
中国国家博物馆,50595条评论,中国国家博物馆儿童历史百科绘本（5册）,人民邮电出版社,¥120.00,168.
艾德兰,145971条评论,我们的身体,未来出版社,¥77.50,110.
何权峰,113965条评论,格局,江苏文艺出版社,¥18.00,111.
高士其,67199条评论,细菌世界历险记（中小学语文新课标必读名著 ）菌儿自传 高士其科,人民邮电出版社,¥15.10,112.
刘慈欣,19720条评论,流浪地球：刘慈欣授权，电影原著小说,中国华侨出版社,¥20.90,113.
珊蒂克雷文,211796条评论,学会爱自己（教孩子免受性侵犯！学会保护自己！）（全3辑，共14册,青岛出版社,¥96.00,114.
海伦·帕尔默,85885条评论,九型人格 : 职场高品质沟通的艺术,北京联合出版公司,¥19.50,151.
加·泽文,1081973条评论,岛上书店（每个人的生命中，都有无比艰难的那一年，将人生变得美,江苏文艺出版社,¥17.50,152.
伍绮诗,356580条评论,无声告白（我们终此一生，就是要摆脱他人的期待，找到真正的自己,江苏文艺出版社,¥17.10,153.
托马斯·马卡卡罗,12347条评论,空间简史(与《时间简史》《人类简史》《未来简史》并称“四大简史,四川文艺出版社,¥25.84,154.
岩村和朗,108195条评论,14只老鼠全集（全12册）,接力出版社,¥112.80,155.
稻盛和夫,176623条评论,阿米巴经营——畅销十周年纪念版，当当全国独家（团购，请致电40,中国大百科全书出版社,¥17.50,78.
雷蒙德·钱德勒,82218条评论,漫长的告别（怪不得村上春树读了12遍！每每陷入困境，村上春树便,海南出版社,¥34.50,79.
墨羽◎,23899条评论,受益一生的墨菲定律,中国商业出版社,¥21.80,80.
爱华文,6140条评论,中国传统节日故事 小学语文课外读物 （收录专家解读节日和习俗，,团结出版社,¥15.00,55.
本吉·戴维斯,79250条评论,小熊很忙系列（套装全16册）,中信出版社,¥295.00,56.
玛丽,31777条评论,国际大奖科普绘本（平装6册） 获美国妈妈最佳选择奖金奖、美国月,辽宁少年儿童出版社,¥63.20,57.
马歇尔,280403条评论,非暴力沟通,华夏出版社,¥30.40,58.
罗伯特·清崎,320625条评论,富爸爸穷爸爸（20周年修订版）（团购，请致电400-106-6666转6）,四川人民出版社,¥24.00,59.
佟洵,27083条评论,国家宝藏 100件文物讲述中华文明史,四川人民出版社,¥49.90,17.
卡勒德·胡赛尼,2315868条评论,追风筝的人（2018年新版）,上海人民出版社,¥18.00,18.
钱钟书,690833条评论,围城,人民文学出版社,¥27.30,19.
北猫,112420条评论,米小圈上学记三年级（套装共4册）,四川少儿出版社,¥50.00,190.
骆玉明,75663条评论,诗经（韩寒推荐，全三册注音插图版）,三秦出版社,¥69.00,191.
斯蒂芬·茨威格,87462条评论,一个陌生女人的来信（茨威格中短篇小说选，豆瓣9.4高评分译作，德,时代文艺出版社,¥10.10,192.
毛泽东,43753条评论,毛泽东选集（全四册，32开）,,¥60.80,193.
匪我思存,38006条评论,东宫（全二册）（新增番外五则+后记，陈星旭、彭小苒、魏千翔主演,江苏凤凰文艺出版社,¥28.00,98.
金波,196000条评论,乌丢丢的奇遇 曹文轩推荐儿童文学经典书系150000多名读者热评！,北京教育出版社,¥16.00,99.
Steve,107255条评论,养育女孩,中信出版社,¥16.00,100.
乔瑞玲,80216条评论,董卿：做一个有才情的女子,百花洲文艺出版社,¥18.50,32.
杨绛,1150249条评论,我们仨（新版）,生活.读书.新知三联书店,¥15.40,33.
高春香,548627条评论,这就是二十四节气（中国二十四节气彩绘版，文津图书奖获奖绘本，,海豚出版社,¥50.00,34.
尼娜兰登,186504条评论,猜猜我是谁系列套装（全4册）,北京联合出版公司,¥50.00,302.
大冰,469874条评论,你坏（大冰2018作品！预售10分钟8.6万册+，30分钟突破11.8万册，,湖南文艺出版社,¥27.30,303.
王国维,5833条评论,人间词话 水墨山水彩图 附人间词及王国维传记,四川人民出版社,¥36.00,304.
墨香铜臭,28920条评论,无羁（墨香铜臭作品）,四川文艺出版社,¥33.10,305.
杉泽,82875条评论,观山海  “百鬼画师”杉泽绝美诠释山海经,湖南文艺出版社,¥92.40,202.
北猫,112082条评论,米小圈上学记四年级（套装共4册）,四川少儿出版社,¥50.00,203.
培生集团,307864条评论,培生幼儿英语：预备级（升级版）,湖北少儿出版社,¥59.00,204.
梭罗,450005条评论,瓦尔登湖(珍藏本) 朗读者朗读书目,中国三峡出版社,¥14.00,205.
菲比·吉尔曼,296854条评论,信谊世界精选图画书·爷爷一定有办法,明天出版社,¥25.30,242.
辰格,109858条评论,戒了吧，拖延症——写给年轻人的拖延心理学（人生有限，拖延有害,天津人民出版社,¥16.40,243.
斯塔夫里阿诺斯,266288条评论,全球通史:从史前史到21世纪（第7版修订版上下册，当当独家赠送全,北京大学出版社,¥59.60,244.
王小波,228900条评论,一只特立独行的猪,北京十月文艺出版社,¥30.50,245.
伊戈尔·欧尼科夫,3597条评论,2018年国际安徒生奖得主全新长篇绘本：狐狸和兔子·老鼠的房子（,云南科学技术出版社,¥88.00,227.
张乐平,347593条评论,三毛流浪记（彩图注音读物）,少年儿童出版社,¥19.00,228.
张瑞征,50559条评论,小学生必背文言文 学生版 教育部（语文课程标准）指定篇目,中国少年儿童出版社,¥15.00,229.
文在寅,1612条评论,命运：文在寅自传（韩国总统中文版官方授权）,江苏凤凰文艺出版社,¥29.90,230.
老舍,75714条评论,骆驼祥子（新课标）老舍经典小说，更适合青少年阅读的佳本,浙江工商大学出版社,¥15.00,231.
大卫·香农David,179428条评论,大卫不可以+大卫上学去+大卫惹麻烦（大卫系列全3册）,河北教育出版社,¥58.90,130.
美曼狄诺,79846条评论,羊皮卷大全集（畅销珍藏本）,黑龙江科学技术出版社,¥16.80,131.
李宗吾,124710条评论,厚黑学(李宗吾著),群言出版社,¥19.30,132.
林海音,72658条评论,城南旧事：一部触动千万读者灵魂的童年离骚,江苏人民出版社,¥14.00,341.
珍妮特·温特森,41992条评论,橘子不是唯一的水果,北京联合出版有限公司,¥41.70,269.
卡耐基,119934条评论,人性的弱点,北京联合出版公司,¥13.70,270.
卡耐基,3434条评论,人性的弱点 先锋经典文库,北京联合出版公司,¥43.60,271.
孙武,6249条评论,孙子兵法--中华经典藏书（平装）,吉林美术出版社,¥17.50,272.
华杉,82444条评论,华杉讲透《孙子兵法》（独家精装珍藏版）,江苏文艺出版社,¥24.90,361.
东野圭吾,5544条评论,东野圭吾：盛夏方程式（《嫌疑人X的献身》系列长篇小说）,南海出版公司,¥50.20,381.
思睿,111169条评论,唐诗三百首 小学生 成长必读 绘本 注音版,北方妇女儿童出版社,¥22.50,169.
乔安娜柯尔,246257条评论,神奇校车·阅读版（全16册）,贵州人民出版社,¥64.00,170.
索尼国际教育公司,9633条评论,神奇的逻辑思维游戏书,北京日报出版社（原同心出版社）,¥22.50,171.
戴维·伽特森,269606条评论,雪落香杉树 (福克纳奖得主，全球畅销500万册),作家出版社,¥26.00,115.
大卫,61345条评论,爱打嗝的斑马（精装）,北京联合出版公司,¥15.90,116.
入山智,113037条评论,小鸡球球触感玩具书：全5册,长江少年儿童出版社,¥125.00,117.
傅雷,47582条评论,傅雷家书（部编本语文教材八年级下册推荐阅读）,北岳文艺出版社,¥23.80,118.
卡罗尔·德韦克,62154条评论,终身成长：重新定义成功的思维模式,江西人民出版社,¥24.90,119.
王国维,365976条评论,人间词话（近代极富盛名的词话著作，集编、校、释、评于一体，赏,北京联合出版公司,¥13.70,120.
孙武,76122条评论,孙子兵法·三十六计（新课标，完整原文+详细注释+准确翻译+历史故,浙江工商大学出版社,¥16.30,156.
哈珀.李,233668条评论,杀死一只知更鸟（纪念版）,译林出版社,¥19.90,157.
柴静,736879条评论,看见,广西师范大学出版社,¥21.90,158.
海明威,283487条评论,诺奖少年版（全套30册）2018当当童书畅销书，日销售ZUI高达50000,辽宁少年儿童出版社,¥258.70,159.
东野圭吾,1249104条评论,东野圭吾：白夜行（2017版，易烊千玺、韩雪推荐，东野圭吾无冕之,南海出版公司,¥51.90,60.
英国DK公司,116953条评论,DK幼儿百科全书——那些重要的事,中国大百科全书出版社,¥69.00,20.
吉田纯子,256651条评论,0-4岁幼儿认知小百科（全3册),长江少年儿童出版社,¥59.70,194.
大卫·香农David,48669条评论,大卫不可以+大卫上学去+大卫惹麻烦+圣诞节到了（大卫系列全4册）,北京联合出版公司,¥67.60,195.
杨其铎,175572条评论,四五快读 全彩图升级版——幼儿快速识字阅读法（全8册）(让孩子爱,湖南科技出版社,¥143.80,196.
松田孝,17047条评论,孩子看的编程启蒙书（全4册）,青岛出版社,¥49.00,197.
耿帅,255068条评论,所有失去的都会以另一种方式归来 耿帅抖音同款（随书附赠限量珍藏,九州出版社,¥23.80,35.
郑利强,519636条评论,我的第一本地理启蒙书,新世界出版社,¥24.90,36.
伊丽莎白·弗迪克,117714条评论,手不是用来打人的（儿童好品德系列，全5册）,贵州教育出版社,¥49.50,37.
张文成,117309条评论,墨菲定律,古吴轩出版社,¥16.40,38.
安赫莱斯·多尼亚特,6488条评论,高山上的小邮局,上海人民出版社,¥31.80,306.
奥斯特洛夫斯基,69875条评论,钢铁是怎样炼成的（新课标）非改写，更适合青少年阅读，越是艰苦,浙江工商大学出版社,¥18.20,307.
斯科特·派克,87024条评论,少有人走的路(全4册) 全新整理版,中华工商联合出版社,¥75.00,308.
安德烈·艾席蒙,57192条评论,夏日终曲（第90届奥斯卡获奖电影《请以你的名字呼唤我》原著小说,外语教学与研究出版社,¥22.00,309.
刘慈欣,94752条评论,三体（刘慈欣代表作，亚洲首部雨果奖获奖作品！）,重庆出版社,¥13.80,281.
史蒂芬·霍金,439975条评论,时间简史（插图本）（央视《朗读者》推荐）,湖南科技出版社,¥32.40,206.
东野圭吾,132272条评论,圣女的救济（东野圭吾经典长篇小说）,南海出版公司,¥38.30,207.
简·尼尔森,96373条评论,《0～3岁孩子的正面管教》,北京联合出版公司,¥22.10,208.
曹文轩,257013条评论,曹文轩文集典藏版（全7册）,天天出版社有限责任公司,¥84.00,246.
凯利,465589条评论,自控力（畅销300万册纪念版！斯坦福大学广受欢迎的心理学课程！从,文化发展出版社,¥31.10,247.
中江嘉男,234331条评论,可爱的鼠小弟（1-12）,南海出版公司,¥99.00,248.
苏珊娜·莉娅,6918条评论,大自然的珍贵礼物（精装，集合世界各地的“珍贵宝藏”，囊括几十,河北少年儿童出版社,¥31.30,232.
张乐平,51430条评论,三毛流浪记全集（彩图注释版）,少年儿童出版社,¥75.00,233.
张德芬,198417条评论,遇见未知的自己（全新修订版）,湖南文艺出版社,¥26.10,234.
Highlights杂志社,230832条评论,美国经典专注力培养大书 （全8册）,湖南少年儿童出版社,¥80.00,235.
安东尼·布朗,391972条评论,我爸爸+我妈妈（全2册）,   ,¥46.50,133.
野口哲典,82542条评论,数学原来可以这样学（畅销日本300万册，小学生家长必备。让孩子爱,湖南人民出版社,¥28.20,134.
维尔纳霍尔茨瓦特,179204条评论,是谁嗯嗯在我的头上,河北教育出版社,¥17.90,135.
莫提默·J.艾德勒,253096条评论,如何阅读一本书,商务印书馆,¥29.90,136.
威廉西尔斯,144155条评论,西尔斯亲密育儿百科（最新修订版）,南海出版公司,¥50.80,342.
冰波,58556条评论,蓝鲸的眼睛 曹文轩推荐儿童文学经典书系 15000多名读者热评！,北京教育出版社,¥13.70,343.
彼得,88490条评论,穷查理宝典：查理·芒格智慧箴言录（增订本）,中信出版社,¥100.80,273.
艾克拜尔,169348条评论,阿凡提经典故事系列丛书（全4册）,新疆青少年出版社,¥33.00,274.
简·尼尔森,103140条评论,《3～6岁孩子的正面管教》,北京联合出版公司,¥26.30,275.
戴维·迈尔斯,88526条评论,社会心理学（第11版）,人民邮电出版社,¥82.00,276.
尹建莉,208285条评论,好妈妈胜过好老师2：自由的孩子最自觉,文汇出版社,¥24.90,362.
余秋雨,355204条评论,余秋雨 文化苦旅（1-9年级必读书单）,长江文艺出版社,¥20.90,363.
金庸,73478条评论,金庸作品集(朗声旧版)金庸全集(05－08)－射雕英雄传(全四册)（1-,广州出版社,¥66.80,364.
崔先圭,26244条评论,小学生好习惯系列-我的时间管理习惯没问题！,现代出版社,¥12.50,365.
威廉·西尔斯,117562条评论,西尔斯怀孕百科（全新升级版）,南海出版公司,¥38.90,366.
,11393条评论,习近平新时代中国特色社会主义思想三十讲（标准版）    团购电话,学习出版社,¥20.00,367.
科恩,170367条评论,游戏力畅销版套装（全3册）[精选套装],中信出版社,¥71.00,382.
尼尔.布朗,193456条评论,学会提问（原书第10版）（批判性思维领域的“圣经”，看见柴静诸,机械工业出版社,¥23.30,383.
蔡康永,293810条评论,蔡康永的说话之道套装（全二册）,湖南文艺出版社,¥32.50,384.
梅丽·麦金农,59760条评论,英语单词大书 ：Big Book of English Words,北京联合出版公司,¥39.00,385.
儒勒·凡尔纳,115684条评论,海底两万里（新课标）,浙江工商大学出版社,¥16.30,172.
林语堂,316235条评论,苏东坡传（林语堂精装2018版）（1-9年级必读书单）,湖南文艺出版社,¥35.60,173.
罗娜·雷纳,87428条评论,不吼不叫：如何平静地让孩子与父母合作,上海社会科学院出版社,¥16.40,174.
乔斯坦·贾德,127446条评论,苏菲的世界（新版）,作家出版社,¥28.50,175.
刘慈欣,8454条评论,流浪地球,万卷出版公司,¥17.50,160.
曹天元,153528条评论,上帝掷骰子吗？量子物理史话（科学性和故事性的完美结合，具有超,北京联合出版公司,¥31.30,198.
王小波,77622条评论,沉默的大多数（手稿珍藏版）,北京十月文艺出版社,¥29.80,199.
樊登,38771条评论,可复制的领导力：樊登的9堂商业课（团购，请致电400-106-6666转6,中信出版社,¥29.40,200.
北猫,129469条评论,米小圈上学记一年级（套装共4册）,四川少儿出版社,¥50.00,39.
斯蒂文·谢尔弗,202380条评论,美国儿科学会育儿百科（第6版，2018全新增订),北京科学技术出版社,¥49.60,40.
张嘉骅,62133条评论,少年读西游记（套装全3册）,青岛出版社,¥44.70,310.
郑渊洁,34816条评论,舒克贝塔传（全10册）,浙江少年儿童出版社,¥103.60,311.
王小波,83524条评论,爱你就像爱生命（精装彩插典藏版）,湖南文艺出版社,¥21.80,312.
冬野一子,6632条评论,0-3岁亲子游戏纸板书（全5册）,长江少年儿童出版社,¥99.50,313.
李尚龙,193050条评论,你只是看起来很努力（全新修订版）,北京联合出版有限公司,¥19.90,282.
安房直子,91742条评论,安房直子幻想小说系列（共6册）,少年儿童出版社,¥51.00,283.
哈珀·李,70782条评论,杀死一只知更鸟（精装）,译林出版社,¥28.90,284.
杰里,4585条评论,森林鱼童书：狮子和老鼠（凯迪克金奖，让孩子懂得友谊、宽容、感,浙江人民美术出版社,¥19.00,285.
柳青,63156条评论,创业史（七年级下册自主阅读推荐）,中国青年出版社,¥22.70,209.
林徽因,294784条评论,你是人间四月天（民国女神林徽因诗歌、散文、小说代表作完整收录,北京联合出版公司,¥12.00,210.
东野圭吾,664001条评论,东野圭吾：嫌疑人X的献身（王凯、张鲁一推荐，至为纯粹的爱情，绝,南海出版公司,¥30.50,211.
李雪,93758条评论,[武志红力荐]当我遇见一个人（母亲即命运，知名心理学家李雪真诚,北京联合出版公司,¥19.50,401.
董卿,75242条评论,朗读者（青少版） 人民文学出版社,人民文学出版社,¥25.30,441.
金伯莉·布雷恩,97813条评论,你就是孩子最好的玩具,南方出版社,¥14.90,249.
南朝·宋,77921条评论,世说新语（修订版） 无障碍阅读 学生版,北京教育出版社,¥20.70,250.
歪歪兔关键期早教项目组,161746条评论,歪歪兔行为习惯系列互动图画书（全10册，赠完整版动画片DVD）,海豚出版社,¥35.10,251.
阿梅莉·卡斯唐,95879条评论,去旅行系列（全2册）法国教育部推荐！深度知识体系的人文地理百科,广西科学技术出版社,¥108.00,236.
东野圭吾,309137条评论,秘密 （东野圭吾创作生涯里程碑）,南海出版公司,¥38.30,237.
卡尔,265764条评论,信谊世界精选图画书·好饿的毛毛虫,明天出版社,¥27.90,238.
让娜·阿什比,79704条评论,0-3岁行为习惯教养绘本（全6册）,长江少年儿童出版社,¥50.40,239.
曹文轩,203213条评论,曹文轩纯美小说：青铜葵花,江苏少年儿童出版社,¥11.00,240.
周霞,16671条评论,拼音真好玩（全彩6册）（从幼小衔接到一年级，拼音学习必备启蒙书,电子工业出版社,¥49.50,137.
余华,322842条评论,第七天（2018版）,新星出版社,¥33.60,138.
林清玄,71047条评论,愿你，归来仍是少年（林清玄启悟人生系列）,长江文艺出版社,¥16.40,139.
李渔,202300条评论,笠翁对韵 中华经典儿童启蒙  注音+注释+典故 每日诵读十分钟 打好,中国文史出版社,¥13.80,140.
戴尔·卡耐基,81596条评论,人性的弱点大全集（人性的弱点+人性的优点）（薛之谦推荐。20世纪,天津人民出版社,¥31.00,344.
白岩松,351715条评论,白岩松：白说,长江文艺出版社,¥19.90,345.
克尼斯特,69614条评论,遇见美好系列（第1辑，全8册）,中信出版社,¥79.20,346.
彼得·布朗,16983条评论,认知天性：让学习轻而易举的心理学规律,中信出版社,¥36.50,347.
多米蒂耶·德普雷桑塞,13592条评论,红帽子艾米莉（共24册） 法国经典畅销绘本，助孩子轻松解决成长问,辽宁少年儿童出版社,¥70.20,277.
丰子恺,27963条评论,丰子恺愿你一生清澈明朗,现代出版社,¥19.90,278.
卡罗尔·罗思,77394条评论,把坏脾气收起来,北京科学技术出版社,¥18.00,279.
阳知行,2986条评论,墨菲定律,中国商业出版社,¥24.00,368.
路遥,272975条评论,人生（影响千万青年的励志名篇-- 马云、贾樟柯倾情推荐！）,北京十月文艺出版社,¥21.30,369.
乔安娜柯尔,1229573条评论,神奇校车大家族（全73册）,贵州人民出版社,¥414.00,370.
Anne,155218条评论,怀孕圣经（全新升级修订版）,山东科学技术出版社,¥34.90,371.
唯美世界,21522条评论,Photoshop CC从入门到精通PS教程（全彩视频版）重印30次销售12万,水利水电出版社,¥87.80,372.
东野圭吾,17282条评论,东野圭吾四大推理套装（共4册）,南海出版公司,¥135.20,386.
渡边有一,22053条评论,学会爱自己（第4辑）（学会自我管理，懂得自我激励！儿童情绪管理,青岛出版社,¥49.50,387.
朵琳·克罗宁,204107条评论,信谊世界精选图画书·蚯蚓的日记,明天出版社,¥24.00,388.
陈丹燕,150135条评论,我的妈妈是精灵(百万纪念版，全新修订，入选小学生基础阅读书目）,福建少年儿童出版社,¥12.50,389.
孙瑞雪,185641条评论,捕捉儿童敏感期（珍藏版）：了解孩子内心的早教经典，解除育儿焦,中国妇女出版社,¥24.70,390.
稻盛和夫,178249条评论,活法,东方出版社,¥16.20,176.
efuca.伊藤由香,78826条评论,我的专注力训练游戏（全3册）,化学工业出版社,¥29.70,177.
三毛,203032条评论,三毛全集02：撒哈拉的故事（1-9年级必读书单）,北京十月文艺出版社,¥30.50,178.
周逸芬,6809条评论,米米没问题系列（共10册）：小宝宝行为习惯养成绘本,上海文艺出版社,¥69.90,179.
陈忠实,82952条评论,白鹿原,作家出版社,¥19.00,180.
老舍,25785条评论,茶馆（精装）,湖南文艺出版社,¥20.50,314.
张秋生,14400条评论,8册百篇张秋生小巴掌童话注音版一二年级课外书必读三年级课外阅读,山东科学技术出版社,¥43.00,315.
萧红,171188条评论,呼兰河传（《呼兰河传》和《生死场》的合编本）,北京联合出版公司,¥12.90,316.
托尼,37048条评论,不许抠鼻子！,北京联合出版公司,¥18.40,286.
加古里子,66414条评论,乌鸦面包店（全5册）,新星出版社,¥39.70,287.
东野圭吾,124932条评论,放学后（东野圭吾成名作）,南海出版公司,¥38.30,288.
稻盛和夫,12320条评论,稻盛和夫阿米巴经营经典套装（理论+实践）（当当独家定制套装）（,中国大百科全书出版社,¥42.00,289.
杨伯峻,188924条评论,论语译注（简体字本）  2017修订新版,中华书局,¥16.90,290.
乔安娜柯尔,344256条评论,神奇校车·动画版（全10册）,贵州人民出版社,¥59.00,212.
北京小红花图书工作室,68605条评论,邦臣小红花·0-3岁专注力训练贴纸书 全6册,中国人口出版社,¥35.40,213.
曹雪芹,271921条评论,红楼梦原著版（上、下册）（全两册）（1-9年级必读书单）,人民文学出版社,¥37.00,214.
佐野洋子,257934条评论,活了100万次的猫（珍藏版）,接力出版社,¥22.70,215.
英国DK公司,83179条评论,DK儿童太空百科全书（2018年全新修订版）,中国大百科全书出版社,¥59.00,402.
斯科特·派克,231575条评论,少有人走的路：心智成熟的旅程 （白金升级版）,中华工商联合出版社,¥23.50,403.
丹尼尔·笛福,27147条评论,鲁滨逊漂流记（精装版）（语文新课标课外阅读书目国家教育部推荐,江苏文艺出版社,¥25.00,404.
克里斯蒂娜·沃特克,21105条评论,OKR工作法：谷歌、领英等公司的高绩效秘籍（团购，请致电400-106,中信出版社,¥27.30,321.
刘慈欣,1417条评论,流浪地球,四川科技出版社,¥37.40,442.
薇妮斯蒂·马丁,2390条评论,我是个妈妈，我需要铂金包,中信出版社,¥36.60,443.
英国DK公司,67512条评论,DK儿童恐龙百科全书（2018年全新修订版）,中国大百科全书出版社,¥69.00,444.
冯骥才,68176条评论,俗世奇人（足本）（第七届鲁迅文学奖获奖作品）,人民文学出版社,¥15.70,481.
丹尼尔·笛福,52016条评论,鲁滨孙漂流记(新课标，鲁滨逊漂流记，据英文原版全译本),浙江工商大学出版社,¥19.10,252.
高苏珊娜,254946条评论,法布尔昆虫记（全10册）（儿童彩图版）,北京科学技术出版社,¥99.00,253.
琬如,77274条评论,飞花令里读诗词 第一辑 春夏秋冬 套装共4册,时代文艺出版社,¥49.50,254.
麦克,20839条评论,彩虹色的花,二十一世纪出版社,¥25.30,255.
埃德加·斯诺,257569条评论,红星照耀中国（青少版）人民文学出版社,人民文学出版社,¥23.60,256.
盖尔·吉本斯,33610条评论,这是什么呀·3～6岁万物启蒙书（天气系列套装，共6册；美国经典绘,文汇出版社,¥74.90,348.
菊长大人,28990条评论,我的手绘不可能这么萌 萌系手帐插画教程,人民邮电出版社,¥23.40,349.
王秀梅,137723条评论,诗经（上下册精装）（中华经典名著全本全注全译）,中华书局,¥37.20,350.
默娜·B.舒尔,106006条评论,如何培养孩子的社会能力,北京联合出版有限公司,¥18.80,351.
王力,59798条评论,中国古代文化常识 （插图修订第4版）,北京联合出版公司,¥30.00,352.
卡耐基,21894条评论,人性的弱点（权威译本）,吉林美术出版社,¥19.90,280.
简·尼尔森,128568条评论,《正面管教 A-Z》：日常养育难题的1001个解决方案（畅销书《正面,北京联合出版公司,¥31.00,373.
蒋勋,108711条评论,孤独六讲,长江文艺出版社,¥24.00,374.
姜戎,281252条评论,狼图腾(修订版)（一部描绘、研究蒙古草原狼的“旷世奇书”）（1-,长江文艺出版社,¥19.90,375.
马克·李维,1074617条评论,偷影子的人（2018新版）,湖南文艺出版社,¥25.80,376.
宫西达也,211022条评论,你看起来好像很好吃（恐龙简装套装全7册）,２１世纪出版社,¥81.90,377.
李欧·李奥尼,122163条评论,小黑鱼,南海出版公司,¥19.90,391.
木头人儿童创想中心,113188条评论,培养孩子强大内心—亲子情商教育系列（全6册）,中国人口出版社,¥33.90,392.
刘慈欣,4745条评论,流浪地球：刘慈欣获奖作品集,长江文艺出版社,¥18.00,393.
拉封丹,1876条评论,拉封丹寓言 统编语文教科书三年级（下）推荐阅读（中小学新课标必,南方出版社,¥15.50,394.
东野圭吾,8376条评论,东野圭吾：禁断的魔术（《嫌疑人X的献身》系列全新长篇小说）,南海出版公司,¥42.10,395.
大卫·麦基,56739条评论,花格子大象艾玛经典绘本系列（套装全6册）,中信出版社,¥59.00,317.
凯利·麦格尼格尔,44173条评论,自控力（精装版）（超级畅销书《自控力》，100万册硬精装纪念！只,文化发展出版社,¥24.90,318.
克兰兹,169311条评论,独一无二的你+勇敢做自己,北京科学技术出版社,¥29.00,319.
张嘉佳,1006239条评论,从你的全世界路过,湖南文艺出版社,¥18.00,320.
凯蒂·克莱明森,4893条评论,住在书里的小熊奥托（共两册）,天津人民出版社,¥32.20,291.
毛姆,86291条评论,月亮与六便士（2019彩插新版，赠英文原版，“一本好书” 推荐。畅,江苏凤凰文艺出版社,¥35.50,292.
鱼爸,12181条评论,刚刚好的养育：如何培养高情商的孩子(养育男孩公号  鱼爸 亲子陪,青岛出版社,¥35.50,293.
艾米丽·福里德伦德,11705条评论,软刺：和《房思琪的初恋乐园》《伯德小姐》一样，触动千万读者的,四川文艺出版社,¥23.26,294.
玛丽.居里,30639条评论,居里夫人传（初中语文课外阅读经典读本 教育部推荐中小学生新课标,团结出版社,¥16.30,216.
东野圭吾,56595条评论,东野圭吾：悲剧人偶,北京十月文艺出版社,¥42.10,217.
阿加莎.克里斯蒂,164407条评论,无人生还：阿加莎 克里斯蒂作品集10（销售记录超过一亿册的侦探小,新星出版社,¥14.00,218.
宫西达也,16875条评论,宫西达也精选绘本（数学绘本+超人绘本+暖心绘本！第2辑，全5册）,青岛出版社,¥44.00,405.
李文儒,39272条评论,故宫院长说故宫 图文并茂 全彩精装,天地出版社,¥34.00,406.
马伯庸,72253条评论,长安十二时辰（上下册）,湖南文艺出版社,¥39.80,407.
商晓娜,31164条评论,一年级的小豌豆+一年级的小蜜瓜（全彩注音版套装共2册）,青岛出版社,¥38.00,408.
保罗·柯艾略,402977条评论,牧羊少年奇幻之旅（央视《朗读者》、湖南卫视《天天向上》、黄轩,北京十月文艺出版社,¥30.50,409.
张乐平,91341条评论,三毛从军记（彩图注音读物）,少年儿童出版社,¥13.00,322.
果麦,313545条评论,给孩子读诗（畅销100万册纪念，全新升级AR版，扫码免费收听。闫妮,浙江文艺出版社,¥34.00,323.
YOYO出版社,37499条评论,原声触摸发声书：听，什么声音（套装全6册）,中国环境出版社,¥128.70,324.
张天翼,41337条评论,大林和小林（新课标全本，荣获豆瓣8.9高评分的经典童话，被誉为中,浙江工商大学出版社,¥13.00,325.
乔安娜柯尔,139112条评论,神奇校车·人文版（全3册）,贵州人民出版社,¥27.00,326.
林良,25563条评论,中国传统节日故事（全8册）,贵州人民出版社,¥84.00,327.
鲁思·本尼迪克特,48258条评论,菊与刀（畅销全球70年，销售逾3000万册，亲切易懂的日本国民性格,浙江文艺出版社,¥17.50,445.
特蕾西·霍格,74963条评论,实用程序育儿法(新版),北京联合出版公司,¥22.10,446.
洪应明,41810条评论,菜根谭—中华经典藏书,吉林美术出版社,¥19.00,447.
叶永烈,64641条评论,科学家故事100个（叶永烈）,长江文艺出版社,¥14.50,448.
柏拉图,127769条评论,理想国,中国华侨出版社,¥17.50,449.
太宰治,19782条评论,人间失格（新版！太宰治逝世70周年无删节典藏版，日本野间文艺翻,江苏文艺出版社,¥19.90,450.
阿加莎.克里斯蒂,111881条评论,东方快车谋杀案：阿加莎·克里斯蒂侦探作品集04（英格丽·褒曼凭,新星出版社,¥13.00,482.
蒙曼,29555条评论,四时之诗：蒙曼品最美唐诗,浙江文艺出版社,¥22.50,483.
尤瓦尔·赫拉利,168998条评论,未来简史       一本好书 腾讯视频栏目推荐,中信出版社,¥44.00,484.
费孝通,92790条评论,乡土中国（精装）,人民出版社,¥12.20,485.
崔永元,46296条评论,有话说（崔永元新书，ZUI高级的说话是实话实说）,浙江人民出版社,¥28.60,257.
夏目漱石,100909条评论,我是猫（人类一思考，猫君就发笑。日本“国民大师”夏目漱石笔下,浙江文艺出版社,¥19.90,258.
玛莉,151524条评论,小兔汤姆旅行版（全26册）,海燕出版社,¥63.00,259.
理查德.格里格,207663条评论,心理学与生活（第16版，中文版）,人民邮电出版社,¥56.40,353.
北猫,67693条评论,米小圈上学记三年级、四年级（套装共8册）,四川少儿出版社,¥100.00,354.
郑渊洁,150027条评论,郑渊洁给孙女的好习惯书：十二生肖童话绘本,天津人民出版社,¥67.50,355.
乔治·奥威尔,66904条评论,一九八四（又译作“1984”）,时代文艺出版社,¥14.70,356.
赵国庆,108941条评论,小学思维训练：思维导图,北京师范大学出版社,¥19.50,357.
肖卫,120741条评论,为你自己读书,中国华侨,¥13.40,378.
廉萍,47299条评论,陪孩子读古诗词（精装，4册套装，含配乐朗诵）,中国少年儿童出版社,¥99.60,379.
歪歪兔关键期早教项目组,167926条评论,不用说，孩子就会听——歪歪兔逆反期教育系列图画书（全8册）,海豚出版社,¥37.50,380.
沈石溪,92438条评论,动物小说大王沈石溪·感悟生命书系（套装共5册）,人民邮电出版社,¥59.00,396.
丹尼尔卡尼曼,146625条评论,思考，快与慢,中信出版社,¥41.40,397.
央北,489条评论,那一世，我遇见了你:六世达赖仓央嘉措的今生今世,北方文艺出版社,¥46.00,398.
中川李枝子,83063条评论,古利和古拉系列（1-7）,南海出版公司,¥49.50,295.
海明威,115758条评论,老人与海（新版！未删节插图珍藏版，《暗算》作者、茅奖得主麦家,浙江文艺出版社,¥25.70,296.
J.K.罗琳,173622条评论,哈利·波特（套装1-7册）《语文》教材推荐阅读书目，外国儿童文学,人民文学出版社,¥306.60,297.
阿西莫夫,134991条评论,银河帝国：基地（科幻必读经典，阿西莫夫封神之作，讲述人类未来,江苏文艺出版社,¥17.50,298.
龙应台,72587条评论,天长地久：给美君的信（龙应台2018全新力作）,湖南文艺出版社,¥33.90,299.
克莱儿·麦克福尔,336554条评论,摆渡人2：重返荒原（系列畅销千万册。每一个镌刻着爱与善意的灵魂,百花洲文艺出版社,¥29.50,219.
中央党校采访实录编辑室,87122条评论,习近平的七年知青岁月              100册以上团购请联系电话400,中共中央党校出版社,¥49.80,220.
奥格,57360条评论,《世界上最伟大的推销员》（风靡当今西方世界的商业圣经  营销大,世界知识出版社,¥12.50,410.
袁腾飞,148244条评论,这个历史挺靠谱：袁腾飞讲历史（全三册）,湖南人民出版社,¥49.50,411.
日冲樱皮,4853条评论,费马最终定理,百花洲文艺出版社,¥21.04,412.
吴军,21305条评论,态度  吴军新书,中信出版社,¥35.40,413.
余华,48804条评论,在细雨中呼喊（新版）,作家出版社,¥16.50,328.
李劲,70805条评论,别输在不会表达上,古吴轩出版社,¥17.50,329.
乔一,279587条评论,"我不喜欢这世界,我只喜欢你",湖南少年儿童出版社,¥16.60,330.
Sheryl,98618条评论,向前一步(珍藏版),中信出版社,¥28.50,331.
罗尔德·达尔,199429条评论,罗尔德·达尔作品典藏 查理和巧克力工厂,明天出版社,¥11.00,332.
夏洛蒂勃朗特,126206条评论,简爱（浙大翻译家宋兆霖翻译，未删减全本。）九年级下册必读书目,作家出版社,¥14.00,333.
岸見一郎,57284条评论,被讨厌的勇气：“自我启发之父”阿德勒的哲学课,机械工业出版社,¥34.30,451.
王力,174582条评论,古汉语常用字字典（第5版）,商务印书馆,¥34.00,452.
冯骥才,88921条评论,"一百个人的十年-""文革""已经过去，它对众多人的生活产生了深刻的影",文化艺术出版社,¥19.90,453.
,151936条评论,家常菜精选1288例：现代人（中餐厅店长赵薇也在看的菜谱书。畅销,中国轻工业出版社,¥14.90,454.
张爱玲,176356条评论,张爱玲全集02：红玫瑰与白玫瑰（2012年全新修订版）,北京十月文艺出版社,¥23.80,455.
罗尔德·达尔,122574条评论,罗尔德·达尔作品典藏（13本套装）,明天出版社,¥139.00,486.
康恩·伊古尔登,119068条评论,男孩的冒险书（少儿绘图版，全三册）,广西科学技术出版社,¥99.00,487.
里斯,51791条评论,定位系列·定位（重译版）,机械工业出版社,¥47.20,488.
J.K.罗琳,73224条评论,哈利·波特与死亡圣器（《语文》教材推荐阅读书目，外国儿童文学,人民文学出版社,¥58.10,489.
东野圭吾,69929条评论,祈祷落幕时,南海出版公司,¥33.60,490.
台湾牛顿出版股份有限公司,38418条评论,小牛顿科学馆：全新升级版 （科学蓝，30册礼品装）,接力出版社,¥300.00,260.
F.S.菲兹杰拉德,53135条评论,了不起的盖茨比（我抹掉过去，只为了让爱重来！2018全新译本，诗,时代文艺出版社,¥11.90,461.
习近平,44907条评论,习近平谈治国理政 第二卷 中文版平装本（100册以上团购请联系团购,外文出版社,¥59.20,421.
希利尔,171102条评论,希利尔讲世界史、世界地理、艺术史 套装,贵州教育出版社,¥68.20,358.
李敖,3846条评论,北京法源寺（李敖作品大师珍藏版）【当当全国独家】,台海出版社,¥19.50,359.
肥志,8210条评论,如果历史是一群喵1-2（套装共2册）,黑龙江美术出版社,¥52.00,360.
何帆,7008条评论,变量：看见中国社会小趋势（罗振宇2019年跨年演讲推荐书目）,中信出版社,¥39.40,399.
西汉,77718条评论,史记（新课标）,浙江教育出版社,¥15.40,400.
李筱懿,106328条评论,情商是什么（杨澜、吴晓波联袂推荐。所谓情商高，绝不仅仅是会说,浙江文艺出版社,¥19.50,300.
蕊希,98469条评论,总要习惯一个人（蕊希2018年全新力作）,湖南文艺出版社,¥24.90,414.
马西米利亚诺,153955条评论,那不勒斯的萤火（被誉为欧美文坛近十年来的“灯塔”巨作，跟《追,百花洲文艺出版社,¥21.00,415.
玛格丽特·怀兹·布朗,223362条评论,信谊世界精选图画书·逃家小兔 ,明天出版社,¥22.00,416.
陈磊,752703条评论,半小时漫画中国史3（《半小时漫画中国史》系列第3部，其实是一本,海南出版社,¥19.00,417.
豆豆,65956条评论,遥远的救世主,作家出版社,¥16.50,334.
山崎启支,1046条评论,NLP高效沟通,北方文艺出版社,¥49.80,335.
武志红,130889条评论,为何家会伤人（武志红代表作2018百万畅销纪念版）,北京联合出版有限公司,¥29.00,336.
玛乌戈热塔·梅切尔斯卡,17315条评论,《不可思议的发明》手绘科普绘本,贵州人民出版社,¥38.00,337.
杨红樱,2089条评论,淘气包马小跳（漫画升级版）：唐家小仙妹,安徽少年儿童出版社,¥11.00,338.
徐客,165517条评论,山海经（白话全译彩图版珍藏版）,现代出版社,¥34.00,339.
卜劳恩,80754条评论,父与子全集(郑渊洁唯一推荐版本，亲子同读必备经典！)作家榜经典,浙江文艺出版社,¥29.90,456.
汉竹,67088条评论,爸爸的声音  最好的胎教（汉竹）,江苏科学技术出版社,¥19.90,457.
铃木典丈,21300条评论,《我的百变浴缸》亲子阅读绘本,贵州人民出版社,¥14.90,458.
西格蒙德·弗洛伊德,250083条评论,梦的解析（软精装珍藏本）,国际文化出版公司,¥18.00,459.
佩吉·拉特曼,101357条评论,晚安，大猩猩,南海出版公司,¥12.50,491.
莫琳·希凯,31858条评论,深度思考：不断逼近问题的本质,江苏凤凰文艺出版社,¥24.00,492.
王早早,103313条评论,安的种子,海燕出版社,¥14.90,493.
纳多,36498条评论,儿童情绪与人格培养绘本--我要更专心:如何帮助容易分心的孩子,化学工业出版社,¥9.90,494.
随园散人,67723条评论,李清照传：半生烟雨，半世落花,人民交通出版社,¥18.00,462.
桑妮,146474条评论,且以优雅过一生：杨绛传（杨绛传记的标杆之作）,湖南文艺出版社,¥16.00,463.
龙应台,264554条评论,"孩子你慢慢来：龙应台""人生三书""之一（彩插新版）",广西师范大学出版社,¥19.30,464.
陈磊,109305条评论,半小时漫画中国史1+中国史2+中国史3+世界史（用漫画解读历史，引,江苏文艺出版社,¥144.60,465.
李荷西,1629条评论,一切所遇，欢迎光临（豆瓣、十点读书、「ONE·一个」、犀牛故事超,中国友谊出版公司,¥18.60,422.
阿尔弗雷德·阿德勒,42501条评论,自卑与超越（也译作《超越自卑》）“生命对你来说可以意味着什么,民主与建设出版社,¥13.20,423.
博多·舍费尔,74190条评论,财务自由之路：7年内赚到你的第一个1000万（团购电话:4001066666,现代出版社,¥22.50,424.
卓立,44625条评论,幼小衔接 欢迎来到一年级：幼小衔接家长手册（2017年度大众喜爱的,化学工业出版社,¥22.50,418.
和田琴美,24458条评论,一玩再玩·宝宝好习惯玩具书（套装共4册）,北京联合出版公司,¥60.00,419.
苏珊·福沃德,15532条评论,原生家庭:如何修补自己的性格缺陷,北京时代华文书局,¥30.50,420.
莫言,11475条评论,莫言给孩子的八堂文学课(莫言给孩子们的文学启蒙读本，当当上市次,浙江文艺出版社,¥34.00,340.
刘慈欣,65143条评论,三体2：黑暗森林（刘慈欣代表作，亚洲首部雨果奖获奖作品！）,重庆出版社,¥21.20,460.
彼德·雷诺兹文图,44089条评论,点（2018版）,北京联合出版有限公司,¥17.50,495.
波兹曼,75012条评论,见识城邦·娱乐至死,中信出版社,¥22.80,496.
丹尼尔·戈尔曼,35423条评论,情商：为什么情商比智商更重要,中信出版社,¥41.60,497.
菲茨杰拉德,50030条评论,了不起的盖茨比（新版未删节！2018当当《了不起的盖茨比》销量桂,浙江文艺出版社,¥32.40,466.
J.K.罗琳,148585条评论,哈利·波特与魔法石（《语文》教材推荐阅读书目，外国儿童文学经,人民文学出版社,¥32.60,425.
庆田朋子,40734条评论,护肤全书（每天1个护肤小知识，1日1美活，陪你度过一年365天）,江苏凤凰文艺出版社,¥29.00,426.
北野武,20590条评论,北野武的小酒馆,新星出版社,¥22.50,498.
李笑来,38073条评论,财富自由之路,电子工业出版社,¥34.50,499.
龙应台,162365条评论,亲爱的安德烈（插图第2版）,广西师范大学出版社,¥21.60,467.
米娅,9536条评论,我们始终独自行走在这个世界,百花洲文艺出版社,¥21.04,468.
邱昭瑜,122957条评论,有故事的汉字 第1辑（当当独家订制版，全3册）,青岛出版社,¥30.00,427.
马东,206341条评论,好好说话：新鲜有趣的话术精进技巧（团购，请致电400-106-6666转,中信出版社,¥28.50,428.
童笑梅,69992条评论,宝宝辅食添加每周计划,化学工业出版社,¥24.90,429.
马良坤,24500条评论,怀孕一天一页（第二版）（汉竹）,江苏科学技术出版社,¥31.80,500.
鲁迅,121530条评论,阿Q正传（“精神胜利法”的悲喜剧，另收录《狂人日记》等鲁迅名篇,北京联合出版公司,¥9.40,469.
英国尤斯伯恩出版公司,5265条评论,尤斯伯恩看里面 揭秘时间,接力出版社,¥29.40,470.
蕾秋·乔伊斯,272746条评论,一个人的朝圣（新版）,北京联合出版有限公司,¥19.90,471.
怀德,47563条评论,草原上的小木屋 曹文轩推荐儿童文学经典书系 12000多名读者热评！,北京教育出版社,¥13.70,430.
朱慧兰,101674条评论,阶梯数学·4岁 （共5册）,北京科学技术出版社,¥35.00,431.
吴敬梓,138415条评论,儒林外史(56回全本，内容考证、文字句读全新修订版。),花山文艺出版社,¥12.00,472.
金波,7253条评论,谜语大全（注音美绘本）全国著名语文特级教师 窦桂梅推荐 小学生,北京教育出版社,¥21.30,473.
劳拉·卡琳,1433条评论,创造自己的世界,湖南美术出版社,¥30.00,474.
安东尼·布朗,170675条评论,我爸爸,河北教育出版社,¥20.80,432.
度阴山,96795条评论,知行合一王阳明大全集（1+2+3+传习录，套装共4册）,北京时代华文书局,¥72.00,433.
刘和平,22008条评论,"大明王朝1566（官家看方略,小民读命运,学界寻国脉！古代政治的原",江苏人民出版社,¥29.00,475.
阿加莎,53850条评论,无人生还（精装纪念版）,新星出版社,¥17.50,476.
真果果,247505条评论,宝宝学说话系列 第1辑  语言启蒙（全5册）,中国人口出版社,¥22.50,434.
曹文轩,206232条评论,草房子（当当网定制版）,天天出版社有限责任公司,¥12.50,477.
秋叶,60846条评论,和秋叶一起学PPT 第3版：又快又好打造说服力幻灯片(别告诉我你懂,人民邮电出版社,¥95.00,478.
张爱玲,265646条评论,张爱玲全集01：倾城之恋（2012年全新修订版，收录《金锁记》《第,北京十月文艺出版社,¥25.30,435.
龙应台,142837条评论,龙应台“人生三书”全3册套装,广西师范大学出版社,¥65.30,436.
罗杰·哈格里维斯,104993条评论,奇先生妙小姐·全新译本（全83册）,人民邮电出版社,¥229.00,437.
唐朝,1495条评论,价值投资实战手册,中国经济出版社,¥29.90,479.
木心,58135条评论,云雀叫了一整天：收录从前慢，木心金句纷披的代表诗篇,广西师范大学出版社,¥18.00,480.
刘慈欣,65204条评论,三体3：死神永生（刘慈欣代表作，亚洲首部“雨果奖”获奖作品！）,重庆出版社,¥25.20,438.
北猫,177558条评论,米小圈上学记一年级--四年级（套装共16册）,四川少儿出版社,¥200.00,439.
伯顿·L.怀特,42540条评论,从出生到3岁（新版）,北京联合出版公司,¥19.50,440.
